[{"_id":"ca780ad562a9eed7075d37cf46ac8b66","name":"八戒","password":"127425","phone":"123","xiaoqu":"湖南省长沙市岳麓区咸嘉","_createTime":1655303895479,"_updateTime":1655501553948,"community":"湖南省长沙市岳麓区咸嘉","img":"cloud://env-6gaor7vufd9b0012.656e-env-6gaor7vufd9b0012-1311667392/cloudbase-cms/upload/2022-06-18/1661mbakofbho8nek70qgv75go9px4pq_.jpg","ID_card":"431"},{"_id":"0a4ec1f962a9ef030ab6ba7610f67041","name":"悟空","password":"127425","phone":"1234","xiaoqu":"湖南省长沙市岳麓区咸嘉","_createTime":1655303939501,"_updateTime":1655501586563,"community":"湖南省长沙市岳麓区萃雅","ID_card":"432","img":"cloud://env-6gaor7vufd9b0012.656e-env-6gaor7vufd9b0012-1311667392/cloudbase-cms/upload/2022-06-18/epg8j7i6ji9ctm2ocmcldo6ujzczd8i0_.jpg"},{"_id":"058dfefe62a9ef2708ee73200fa97082","name":"唐僧","password":"127425","phone":"12345","xiaoqu":"湖南省长沙市岳麓区咸嘉","_createTime":1655303975862,"_updateTime":1655501601955,"community":"湖南省长沙市岳麓区岭南","img":"cloud://env-6gaor7vufd9b0012.656e-env-6gaor7vufd9b0012-1311667392/cloudbase-cms/upload/2022-06-18/qr777hiwhlg1db5m0g71ik6hgszgxr46_.jpg","ID_card":"433"},{"_id":"0ab5303b62aa361d0988b54c6ae89f2f","phone":"119","ID_card":"430","_openid":"oo2jc5D6AXKVs7IS2m3kBNgJ2eMs","community":"湖南省长沙市岳麓区贤德","name":"沙僧","_updateTime":1655501615744,"img":"cloud://env-6gaor7vufd9b0012.656e-env-6gaor7vufd9b0012-1311667392/cloudbase-cms/upload/2022-06-18/pxdkg3y82ic5tfxddi8gw9zo4gtjd6a8_.jpg","password":"127425"},{"_id":"0ab5303b62adcda309fab370032eac6d","_openid":"oo2jc5D6AXKVs7IS2m3kBNgJ2eMs","community":"","name":"","phone":"","ID_card":""},{"_id":"16db756f62adcdb8078f92de79461ce2","phone":"","ID_card":"","_openid":"oo2jc5D6AXKVs7IS2m3kBNgJ2eMs","community":"","name":""},{"_id":"f6e08a6462adce1c088b0e9138d79a27","community":"","name":"","phone":"","ID_card":"","_openid":"oo2jc5D6AXKVs7IS2m3kBNgJ2eMs"},{"_id":"6d85a2b962add2ca0b533d8f3a4ca142","community":"","name":"","phone":"","ID_card":"","_openid":"oo2jc5D6AXKVs7IS2m3kBNgJ2eMs"},{"_id":"0a4ec1f962ae654a0b4f3483029bbbf0","phone":"","ID_card":"","_openid":"oo2jc5D6AXKVs7IS2m3kBNgJ2eMs","community":"","name":""},{"_id":"ca780ad562ae98c207c79ee91b21c84f","_openid":"oo2jc5D6AXKVs7IS2m3kBNgJ2eMs","community":"","name":"","phone":"","ID_card":""},{"_id":"b69f67c062aea01c07bd95cd63eb1e87","ID_card":"","_openid":"oo2jc5D6AXKVs7IS2m3kBNgJ2eMs","community":"","name":"","phone":""},{"_id":"058dfefe62b269f009ebdf38029aa10f","ID_card":"","_openid":"oo2jc5D6AXKVs7IS2m3kBNgJ2eMs","community":"","name":"","phone":""},{"_id":"058dfefe62b27ec709efb53013b81a83","_openid":"oo2jc5D6AXKVs7IS2m3kBNgJ2eMs","community":"","name":"","phone":"","ID_card":""},{"_id":"16db756f62b2a9760807eb404382d2b7","ID_card":"","_openid":"oo2jc5D6AXKVs7IS2m3kBNgJ2eMs","community":"","name":"","phone":""},{"_id":"0ab5303b62b2aa300a9bca777e5d34a9","phone":"","ID_card":"","_openid":"oo2jc5D6AXKVs7IS2m3kBNgJ2eMs","community":"","name":""},{"_id":"16db756f62b2aa620807ff8440bdff82","phone":"","ID_card":"","_openid":"oo2jc5D6AXKVs7IS2m3kBNgJ2eMs","community":"","name":""},{"_id":"058dfefe62b2aacd09f6c3251d2835f2","phone":"","ID_card":"","_openid":"oo2jc5D6AXKVs7IS2m3kBNgJ2eMs","community":"","name":""},{"_id":"0a4ec1f962b2ab5b0bf33b8213823b5d","phone":"","ID_card":"","_openid":"oo2jc5D6AXKVs7IS2m3kBNgJ2eMs","community":"","name":""},{"_id":"16db756f62b2aba908081c4326712517","name":"","phone":"","ID_card":"","_openid":"oo2jc5D6AXKVs7IS2m3kBNgJ2eMs","community":""},{"_id":"0ab5303b62b2aba90a9bf3d46f56d9ef","ID_card":"","_openid":"oo2jc5D6AXKVs7IS2m3kBNgJ2eMs","community":"","name":"","phone":""},{"_id":"6d85a2b962b2ac2a0c084a426482d827","community":"","name":"","phone":"","ID_card":"","_openid":"oo2jc5D6AXKVs7IS2m3kBNgJ2eMs"},{"_id":"6d85a2b962b2ae530c08a1af753dfd8e","ID_card":"","_openid":"oo2jc5D6AXKVs7IS2m3kBNgJ2eMs","community":"","name":"","phone":""},{"_id":"058dfefe62b2b0fb09f78dd960a90054","ID_card":"","_openid":"oo2jc5D6AXKVs7IS2m3kBNgJ2eMs","community":"","name":"","phone":""},{"_id":"0ab5303b62b2b13a0a9ce1207060d065","ID_card":"","_openid":"oo2jc5D6AXKVs7IS2m3kBNgJ2eMs","community":"","name":"","phone":""},{"_id":"0ab5303b62b2b17d0a9cea3514caa45a","phone":"","ID_card":"","_openid":"oo2jc5D6AXKVs7IS2m3kBNgJ2eMs","community":"","name":""},{"_id":"0ab5303b62b2b1b60a9cf1234519683b","community":"","name":"","phone":"","ID_card":"","_openid":"oo2jc5D6AXKVs7IS2m3kBNgJ2eMs"},{"_id":"b69f67c062b2b2600826dbf44c0b44d7","phone":"","ID_card":"","_openid":"oo2jc5D6AXKVs7IS2m3kBNgJ2eMs","community":"","name":""},{"_id":"058dfefe62b2b4e409f83a29367196ee","ID_card":"","_openid":"oo2jc5D6AXKVs7IS2m3kBNgJ2eMs","community":"","name":"","phone":""},{"_id":"0ab5303b62b2b4e40a9db65a3db14573","ID_card":"","_openid":"oo2jc5D6AXKVs7IS2m3kBNgJ2eMs","community":"","name":"","phone":""},{"_id":"f6e08a6462b2b59b0914d5f84294e2b0","_openid":"oo2jc5D6AXKVs7IS2m3kBNgJ2eMs","community":"","name":"","phone":"","ID_card":""},{"_id":"ca780ad562b2b6d1082fa6ca33d2b5f3","community":"","name":"","phone":"","ID_card":"","_openid":"oo2jc5D6AXKVs7IS2m3kBNgJ2eMs"},{"_id":"b69f67c062b2b6eb08279408661894d7","ID_card":"","_openid":"oo2jc5D6AXKVs7IS2m3kBNgJ2eMs","community":"","name":"","phone":""},{"_id":"0a4ec1f962b2b7970bf591f85e1a8575","name":"","phone":"","ID_card":"","_openid":"oo2jc5D6AXKVs7IS2m3kBNgJ2eMs","community":""},{"_id":"0a4ec1f962b2b83e0bf5e017227a4f67","_openid":"oo2jc5D6AXKVs7IS2m3kBNgJ2eMs","community":"","name":"","phone":"","ID_card":""},{"_id":"6d85a2b962b2b9e70c0b081a6cb45a85","ID_card":"","_openid":"oo2jc5D6AXKVs7IS2m3kBNgJ2eMs","community":"","name":"","phone":""},{"_id":"6d85a2b962b2ba240c0b1060619f7499","ID_card":"","_openid":"oo2jc5D6AXKVs7IS2m3kBNgJ2eMs","community":"","name":"","phone":""},{"_id":"058dfefe62b2ba7309f940600a153ff0","name":"","phone":"","ID_card":"","_openid":"oo2jc5D6AXKVs7IS2m3kBNgJ2eMs","community":""},{"_id":"8f75309d62b2bab409b97ba6150fa94d","ID_card":"","_openid":"oo2jc5D6AXKVs7IS2m3kBNgJ2eMs","community":"","name":"","phone":""},{"_id":"16db756f62b2baed080a22ad3a0fd90f","ID_card":"","_openid":"oo2jc5D6AXKVs7IS2m3kBNgJ2eMs","community":"","name":"","phone":""},{"_id":"b69f67c062b2bb08082837652a364abf","ID_card":"","_openid":"oo2jc5D6AXKVs7IS2m3kBNgJ2eMs","community":"","name":"","phone":""},{"_id":"0a4ec1f962b2bb6d0bf65c3f2c886e99","ID_card":"","_openid":"oo2jc5D6AXKVs7IS2m3kBNgJ2eMs","community":"","name":"","phone":""},{"_id":"8f75309d62b3363f09ca54517a8d673f","ID_card":"","_openid":"oo2jc5D6AXKVs7IS2m3kBNgJ2eMs","community":"","name":"","phone":""},{"_id":"6d85a2b962b33d2f0c20e3fd405aee70","ID_card":"","_openid":"oo2jc5D6AXKVs7IS2m3kBNgJ2eMs","community":"","name":"","phone":""},{"_id":"6842667962b3b1cf06aa5b3f49f3581d","name":"","phone":"","ID_card":"","_openid":"oo2jc5D6AXKVs7IS2m3kBNgJ2eMs","community":""},{"_id":"16db756f62b4548708330e6268d958ad","ID_card":"","_openid":"oo2jc5D6AXKVs7IS2m3kBNgJ2eMs","community":"","name":"","phone":""},{"_id":"0a4ec1f962b45b810c373d8868810dd4","phone":"","ID_card":"","_openid":"oo2jc5D6AXKVs7IS2m3kBNgJ2eMs","community":"","name":""}]