[{"_id":"f6e08a6462ace4190873f319548eb529","_openid":"oo2jc5D6AXKVs7IS2m3kBNgJ2eMs","goods_img":"cloud://env-6gaor7vufd9b0012.656e-env-6gaor7vufd9b0012-1311667392/cloudbase-cms/upload/2022-06-17/4am5o04w7utl1ajemq4non7rypq5uf4k_.jpg","img":"http://tmp/aKzT4CPXUu0944a3d4936aa0f2feee99820e9952d59f.gif","order_id":"ca780ad562ab650b0781ca9404b0f62c","reason":" 实物与图片差异较大 ","status":1,"goods_name":"橙子","tz_name":"八戒","user_name":"八猪","_updateTime":1655500955000,"prices":10,"quantity":1},{"_id":"0ab5303b62ace52a09de9974293a7ce0","goods_img":"cloud://env-6gaor7vufd9b0012.656e-env-6gaor7vufd9b0012-1311667392/cloudbase-cms/upload/2022-06-17/2x8znstu2r86hj316x0hvgaq64kgywe9_.jpg","goods_name":"西瓜","order_id":"6d85a2b962a9ea4d0ac7e2e03d436be0","reason":"商品出现破损或变质  ","tz_name":"八戒","user_name":"小时","_openid":"oo2jc5D6AXKVs7IS2m3kBNgJ2eMs","prices":12,"status":1,"img":"http://tmp/sdNRQZj01DYo0625942273558d0259566b8a5643e4ca.png","_updateTime":1655503481749,"quantity":1},{"_id":"f6e08a6462ace5800873ff9c219f96e4","goods_name":"桃子","reason":"商品出现破损或变质 实物与图片差异较大 ","_openid":"oo2jc5D6AXKVs7IS2m3kBNgJ2eMs","goods_img":"cloud://env-6gaor7vufd9b0012.656e-env-6gaor7vufd9b0012-1311667392/cloudbase-cms/upload/2022-06-17/t961huzzdbp81zxo8rnhjemjbgl109de_.jpg","prices":8,"status":1,"tz_name":"八戒","user_name":"小时","img":"http://tmp/JVgkgSYenBII91d661826c9b0104f088d835822254f0.jpg","order_id":"8f75309d62ab650b08dfa37d07f5aeeb","_updateTime":1655500968080,"quantity":1},{"_id":"6842667962ace59e062106816efca17a","user_name":"八猪","_openid":"oo2jc5D6AXKVs7IS2m3kBNgJ2eMs","goods_img":"cloud://env-6gaor7vufd9b0012.656e-env-6gaor7vufd9b0012-1311667392/cloudbase-cms/upload/2022-06-17/3vj16bfnor4tyhie5tvm0ljajba2inw1_.jpg","img":"http://tmp/Lb4B0n5ZKnP744a3d4936aa0f2feee99820e9952d59f.gif","reason":"商品出现破损或变质 实物与图片差异较大 其他原因","tz_name":"八戒","goods_name":"柠檬","order_id":"f6e08a6462ab4d14084c299e78cda132","prices":36,"status":1,"_updateTime":1655500993576,"quantity":1},{"_id":"8f75309d62aced54090941711590a20b","order_id":"6d85a2b962acbd8f0b3052c914117017","tz_name":"八戒","goods_img":["cloud://env-6gaor7vufd9b0012.656e-env-6gaor7vufd9b0012-1311667392/cloudbase-cms/upload/2022-06-16/m6gm9k9bxp30lgt5zouptzxbzzu959en_.jpg"],"goods_name":"梨","prices":8,"reason":" 实物与图片差异较大 ","status":1,"user_name":"小时","_openid":"oo2jc5D6AXKVs7IS2m3kBNgJ2eMs","img":"http://tmp/zdnGd7cPsR9T44a3d4936aa0f2feee99820e9952d59f.gif","_updateTime":1655501007188,"quantity":1},{"_id":"b69f67c062acefc2079646a057ab568b","goods_name":"梨","img":"http://tmp/HfkArEhYCFZ10625942273558d0259566b8a5643e4ca.png","order_id":"6d85a2b962acbd8f0b3052c914117017","reason":"  其他原因","status":1,"goods_img":["cloud://env-6gaor7vufd9b0012.656e-env-6gaor7vufd9b0012-1311667392/cloudbase-cms/upload/2022-06-16/m6gm9k9bxp30lgt5zouptzxbzzu959en_.jpg"],"prices":8,"tz_name":"八戒","user_name":"小时","_openid":"oo2jc5D6AXKVs7IS2m3kBNgJ2eMs","_updateTime":1655501020964,"quantity":1},{"_id":"6d85a2b962acf6f10b33b0a3228bd063","user_name":"小时","goods_img":["cloud://env-6gaor7vufd9b0012.656e-env-6gaor7vufd9b0012-1311667392/cloudbase-cms/upload/2022-06-16/m6gm9k9bxp30lgt5zouptzxbzzu959en_.jpg"],"goods_name":"梨","reason":"商品出现破损或变质 实物与图片差异较大 其他原因","status":1,"quantity":1,"tz_name":"八戒","_openid":"oo2jc5D6AXKVs7IS2m3kBNgJ2eMs","img":"http://tmp/jirzx3UWquIJ91d661826c9b0104f088d835822254f0.jpg","order_id":"6d85a2b962acbd8f0b3052c914117017","prices":8},{"_id":"8f75309d62acf7180909cf174612bcdd","tz_name":"八戒","user_name":"小时","_openid":"oo2jc5D6AXKVs7IS2m3kBNgJ2eMs","prices":8,"quantity":1,"reason":"商品出现破损或变质 实物与图片差异较大 其他原因","status":1,"goods_img":["cloud://env-6gaor7vufd9b0012.656e-env-6gaor7vufd9b0012-1311667392/cloudbase-cms/upload/2022-06-16/m6gm9k9bxp30lgt5zouptzxbzzu959en_.jpg"],"goods_name":"梨","img":"http://tmp/zPZDIIVqFwrU44a3d4936aa0f2feee99820e9952d59f.gif","order_id":"6d85a2b962acbd8f0b3052c914117017"},{"_id":"058dfefe62b27eaf09efb0541db3bb25","prices":12,"reason":"商品出现破损或变质  ","status":0,"goods_img":"cloud://env-6gaor7vufd9b0012.656e-env-6gaor7vufd9b0012-1311667392/cloudbase-cms/upload/2022-06-17/wg1u7ds78kaz8hob3mw6i6kvlovbi1v7_.jpg","goods_name":"西瓜","quantity":1,"tz_name":"八戒","user_name":"小时","_openid":"oo2jc5D6AXKVs7IS2m3kBNgJ2eMs","order_id":"058dfefe62a9fc5308efb7367cf3b3a1"}]