[{"_id":"b00064a76053576f0aae5e3e569f973e","name":"猕猴桃","num":"100","price":10,"status":"上架","tuijian":true,"type":"水果","_createTime":1616074607152,"_updateTime":1655312283785,"img":["cloud://env-6gaor7vufd9b0012.656e-env-6gaor7vufd9b0012-1311667392/cloudbase-cms/upload/2022-06-15/w790tvm3f4glknp2auz61gew5qdky359_.jpg"]},{"_id":"28ee4e3e605357880b5f22d85301b03d","content":"\n","name":"西瓜","num":"100","price":12,"status":"上架","tuijian":true,"type":"水果","_createTime":1616074632232,"_updateTime":1655312276671,"img":["cloud://env-6gaor7vufd9b0012.656e-env-6gaor7vufd9b0012-1311667392/cloudbase-cms/upload/2022-06-15/dvn1q2txs9emfb3r8u1ofe9ketbwv45r_.jpg"]},{"_id":"79550af26059538b0b69f5796db22061","content":"","img":["cloud://env-6gaor7vufd9b0012.656e-env-6gaor7vufd9b0012-1311667392/cloudbase-cms/upload/2022-06-15/nddhha0vntfultnxjxw2jmxqbopydkb6_.jpg"],"name":"桃子","num":"100","price":8,"status":"上架","tuijian":true,"type":"水果","_createTime":1616466827721,"_updateTime":1655312362356},{"_id":"79550af2606871bd0d45855b106f04c2","content":"","img":["cloud://env-6gaor7vufd9b0012.656e-env-6gaor7vufd9b0012-1311667392/cloudbase-cms/upload/2022-06-15/4riiwvt2v8nnzhfdulnm4t6wzlw4ii65_.jpg"],"name":"橙子","num":54,"price":2,"status":"上架","tuijian":true,"type":"水果","_createTime":1617457597548,"_updateTime":1655312428951},{"_id":"b00064a7606871d80d25ad93567ea78a","content":"","img":["cloud://env-6gaor7vufd9b0012.656e-env-6gaor7vufd9b0012-1311667392/cloudbase-cms/upload/2022-06-15/ftb5oqctg7flqv8itx4rrri2hrj0essd_.jpg"],"name":"柠檬","num":"100","price":18,"status":"上架","tuijian":true,"type":"水果","_createTime":1617457624481,"_updateTime":1655312338826},{"_id":"b00064a7606871f60d25afd04cd812c3","content":"","img":["cloud://env-6gaor7vufd9b0012.656e-env-6gaor7vufd9b0012-1311667392/cloudbase-cms/upload/2022-06-15/qm3r5g1h0hjiofjd6z7ys8yyqgyhzfzy_.jpg"],"name":"草莓","num":"100","price":36,"status":"上架","tuijian":false,"type":"水果","_createTime":1617457653819,"_updateTime":1655312412706},{"_id":"17453ede6068720e00843fa97152e108","content":"","img":["cloud://env-6gaor7vufd9b0012.656e-env-6gaor7vufd9b0012-1311667392/cloudbase-cms/upload/2022-06-15/jkoa0qdei4ib94jcuwqmutdvd32u35ag_.jpg"],"name":"苹果","num":66,"price":7,"status":"上架","tuijian":false,"type":"水果","_createTime":1617457678201,"_updateTime":1655312312699},{"_id":"0a4ec1f962aa0f7f0ab9ec0e77973697","content":"","img":["cloud://env-6gaor7vufd9b0012.656e-env-6gaor7vufd9b0012-1311667392/cloudbase-cms/upload/2022-06-16/m6gm9k9bxp30lgt5zouptzxbzzu959en_.jpg"],"name":"梨","num":3,"price":8,"status":"上架","tuijian":false,"type":"水果","_createTime":1655312255218,"_updateTime":1655312349945},{"_id":"8f75309d62aa107d08b5c4aa5ef16c39","img":["cloud://env-6gaor7vufd9b0012.656e-env-6gaor7vufd9b0012-1311667392/cloudbase-cms/upload/2022-06-16/tck3pi67m09j9yp3en4rtbuxxx6oe58h_.jpg"],"name":"胡萝卜","num":84,"price":6,"status":"上架","tuijian":false,"type":"蔬菜","_createTime":1655312509153,"_updateTime":1655312509153},{"_id":"6d85a2b962aa10dd0acc2dd0795a83c8","img":["cloud://env-6gaor7vufd9b0012.656e-env-6gaor7vufd9b0012-1311667392/cloudbase-cms/upload/2022-06-16/y7im7kjvey4nszpnczafbx7xekjdis2b_.jpg"],"name":"白菜","num":89,"price":4,"status":"上架","tuijian":false,"type":"蔬菜","_createTime":1655312605058,"_updateTime":1655312605058},{"_id":"8f75309d62aa111e08b5cf882210fbc7","img":["cloud://env-6gaor7vufd9b0012.656e-env-6gaor7vufd9b0012-1311667392/cloudbase-cms/upload/2022-06-16/1m1ft0hjrnh9ruv19iiu9eebxw3vf2br_.jpg"],"name":"辣椒","num":8,"price":18,"status":"上架","tuijian":false,"type":"蔬菜","_createTime":1655312670006,"_updateTime":1655312670006},{"_id":"058dfefe62aa115708f14c2e225e99df","img":["cloud://env-6gaor7vufd9b0012.656e-env-6gaor7vufd9b0012-1311667392/cloudbase-cms/upload/2022-06-16/o93d01p0ntftf80ku650juc7h8t1netq_.jpg"],"name":"南瓜","num":92,"price":100,"status":"上架","tuijian":false,"type":"蔬菜","_createTime":1655312727422,"_updateTime":1655312727422},{"_id":"6842667962aa117f05e9d017362a95ce","img":["cloud://env-6gaor7vufd9b0012.656e-env-6gaor7vufd9b0012-1311667392/cloudbase-cms/upload/2022-06-16/x1u134ozgrdom94zly8el454chpvmvoo_.jpg"],"name":"茄子","num":26,"price":6,"status":"上架","tuijian":false,"type":"蔬菜","_createTime":1655312767239,"_updateTime":1655312767239},{"_id":"058dfefe62aa119c08f14eaa4489ac43","img":["cloud://env-6gaor7vufd9b0012.656e-env-6gaor7vufd9b0012-1311667392/cloudbase-cms/upload/2022-06-16/qui8pz2kn8s1dpy14ikcq11ybrjlwjqd_.jpg"],"name":"西红柿","num":18,"price":10,"status":"上架","tuijian":false,"type":"蔬菜","_createTime":1655312796068,"_updateTime":1655312796068},{"_id":"16db756f62aa11ba0738184d4a4d40b9","img":["cloud://env-6gaor7vufd9b0012.656e-env-6gaor7vufd9b0012-1311667392/cloudbase-cms/upload/2022-06-16/x7tho1wwzx6z9e9fvsozosfxjq8pdjj8_.jpg"],"name":"洋葱","num":10,"price":10,"status":"上架","tuijian":false,"type":"蔬菜","_createTime":1655312826374,"_updateTime":1655312826374},{"_id":"058dfefe62aa11fa08f154690f1d981d","img":["cloud://env-6gaor7vufd9b0012.656e-env-6gaor7vufd9b0012-1311667392/cloudbase-cms/upload/2022-06-16/00bi54zz4m6smcpi318j6hjth2cng6l3_.jpg"],"name":"青菜","num":100,"price":7,"status":"上架","type":"蔬菜","_createTime":1655312890812,"_updateTime":1655312890812},{"_id":"058dfefe62aba855091f500111a0e839","_openid":"oo2jc5D6AXKVs7IS2m3kBNgJ2eMs","img":"http://tmp/u6LK3TxaFrF991d661826c9b0104f088d835822254f0.jpg","name":"土豆","num":"100","price":"10","status":"上架","type":"蔬菜"},{"_id":"0a4ec1f962b44fc60c3501b022a1973e","_openid":"oo2jc5D6AXKVs7IS2m3kBNgJ2eMs","name":"西瓜","prices":20}]