[{"_id":"0a4ec1f962aa47960abd4cbb5ad83b93","_openid":"oo2jc5D6AXKVs7IS2m3kBNgJ2eMs","address":"湖南省长沙市岳麓区湖南工商大学","address_detail":"湖南省长沙市岳麓区湖南工商大学萃雅二406","name":"牛魔王","phoneNum":"120","_updateTime":1655501872510,"mem_name":"小时","status":0},{"_id":"b69f67c062aa485107522bc1571ac12e","address_detail":"湖南省长沙市岳麓区湖南工商大学咸嘉三411","name":"小时","phoneNum":"119","_openid":"oo2jc5D6AXKVs7IS2m3kBNgJ2eMs","address":"湖南省长沙市岳麓区湖南工商大学","_updateTime":1655501886565,"mem_name":"小时","status":1},{"_id":"f6e08a6462abef4a085af47731134573","_openid":"oo2jc5D6AXKVs7IS2m3kBNgJ2eMs","address":"湖南省益阳市","address_detail":"湖南省益阳市和平小区134号","name":"葫芦","phoneNum":"1234567890","_updateTime":1655501896513,"mem_name":"小时","status":0},{"_id":"058dfefe62b2bc4d09f98a064da5c147","_openid":"oo2jc5D6AXKVs7IS2m3kBNgJ2eMs","address":"湖南省益阳市赫山区","address_detail":"201","name":"葫芦","phoneNum":"666","status":0},{"_id":"058dfefe62b2bc5609f98bc20098150c","_openid":"oo2jc5D6AXKVs7IS2m3kBNgJ2eMs","address":"","address_detail":"","name":"","phoneNum":"","status":0},{"_id":"f6e08a6462b2bc8c0915c4f65c22b3db","_openid":"oo2jc5D6AXKVs7IS2m3kBNgJ2eMs","address":"湖南省长沙市岳麓区湖南大学","address_detail":"湖南省长沙市岳麓区湖南大学咸嘉三411","name":"胡璐","phoneNum":"110","status":0},{"_id":"f6e08a6462b2beb909163130551e6a4d","_openid":"oo2jc5D6AXKVs7IS2m3kBNgJ2eMs","address":"花果山","address_detail":"花果山水帘洞","name":"悟空","phoneNum":"234","status":0}]