[{"_id":"0a4ec1f962a9e93e0ab600b13422c772","good":{"chiefId":"8f75309d62a7e8c708738e8622e8eef1","name":"火龙果","price":15,"_id":"79550af2606872610d4590f1368bcc15"},"name":"小时","phone":"020-81167888","_openid":"oo2jc5D6AXKVs7IS2m3kBNgJ2eMs","address":"湖南省长沙市岳麓区咸嘉三411","beizhu":"","chiefId":"058dfefe62a9ef2708ee73200fa97082","chiefName":"唐僧","status":-1,"_createTime":1655302462423,"totalPrice":"10","_updateTime":1655406548365,"img":"cloud://env-6gaor7vufd9b0012.656e-env-6gaor7vufd9b0012-1311667392/cloudbase-cms/upload/2022-06-17/apyhiwmaon8lmkqbhpwseqqer817civq_.jpg"},{"_id":"6d85a2b962a9ea4d0ac7e2e03d436be0","address":"湖南省长沙市岳麓区咸嘉三411","chiefName":"悟空","good":{"price":12,"quantity":1,"_id":"28ee4e3e605357880b5f22d85301b03d","chiefId":"8f75309d62a7e8c708738e8622e8eef1","name":"西瓜"},"name":"小时","phone":"020-81167888","status":2,"_createTime":1655302733979,"_openid":"oo2jc5D6AXKVs7IS2m3kBNgJ2eMs","totalPrice":12,"beizhu":"","chiefId":"0a4ec1f962a9ef030ab6ba7610f67041","_updateTime":1655406418389,"img":"cloud://env-6gaor7vufd9b0012.656e-env-6gaor7vufd9b0012-1311667392/cloudbase-cms/upload/2022-06-17/2x8znstu2r86hj316x0hvgaq64kgywe9_.jpg"},{"_id":"b69f67c062a9ea4d074d1e5675355ca4","good":{"price":12,"quantity":1,"_id":"b00064a76053576f0aae5e3e569f973e","chiefId":"8f75309d62a7e8c708738e8622e8eef1","name":"猕猴桃"},"name":"八猪","status":2,"address":"湖南省长沙市岳麓区咸嘉三411","beizhu":"","chiefId":"ca780ad562a9eed7075d37cf46ac8b66","phone":"020-81167888","totalPrice":12,"_createTime":1655302733973,"_openid":"oo2jc5D6AXKVs7IS2m3kBNgJ2eMs","chiefName":"八戒","_updateTime":1655406244812,"img":"cloud://env-6gaor7vufd9b0012.656e-env-6gaor7vufd9b0012-1311667392/cloudbase-cms/upload/2022-06-17/8vtcszoiv4s8f0ln4aftjnmtckx4ixci_.jpg"},{"_id":"058dfefe62a9fc5308efb7367cf3b3a1","_createTime":1655307347986,"name":"小时","status":2,"totalPrice":12,"_openid":"oo2jc5D6AXKVs7IS2m3kBNgJ2eMs","address":"湖南省长沙市岳麓区咸嘉三411","beizhu":"","chiefId":"ca780ad562a9eed7075d37cf46ac8b66","chiefName":"八戒","good":{"_id":"28ee4e3e605357880b5f22d85301b03d","chiefId":"8f75309d62a7e8c708738e8622e8eef1","name":"西瓜","price":12,"quantity":1},"phone":"020-81167888","_updateTime":1655406267760,"img":"cloud://env-6gaor7vufd9b0012.656e-env-6gaor7vufd9b0012-1311667392/cloudbase-cms/upload/2022-06-17/wg1u7ds78kaz8hob3mw6i6kvlovbi1v7_.jpg"},{"_id":"6d85a2b962acbd8f0b3052cf30a035cc","_createTime":1655487885616,"_openid":"oo2jc5D6AXKVs7IS2m3kBNgJ2eMs","img":["cloud://env-6gaor7vufd9b0012.656e-env-6gaor7vufd9b0012-1311667392/cloudbase-cms/upload/2022-06-16/tck3pi67m09j9yp3en4rtbuxxx6oe58h_.jpg"],"address":"湖南省长沙市岳麓区湖南工商大学萃雅二406","chiefName":"八戒","good":{"_id":"8f75309d62aa107d08b5c4aa5ef16c39","chiefName":"","img":["cloud://env-6gaor7vufd9b0012.656e-env-6gaor7vufd9b0012-1311667392/cloudbase-cms/upload/2022-06-16/tck3pi67m09j9yp3en4rtbuxxx6oe58h_.jpg"],"name":"胡萝卜","price":6,"quantity":2},"name":"小时","status":2,"totalPrice":12,"_updateTime":1655501770322,"chiefId":"ca780ad562a9eed7075d37cf46ac8b66"},{"_id":"6d85a2b962acc93f0b3118d544386c2a","_openid":"oo2jc5D6AXKVs7IS2m3kBNgJ2eMs","address":"湖南省长沙市岳麓区湖南工商大学萃雅二406","chiefId":"ca780ad562a9eed7075d37cf46ac8b66","good":{"img":["cloud://env-6gaor7vufd9b0012.656e-env-6gaor7vufd9b0012-1311667392/cloudbase-cms/upload/2022-06-15/jkoa0qdei4ib94jcuwqmutdvd32u35ag_.jpg"],"name":"苹果","price":7,"quantity":1,"_id":"17453ede6068720e00843fa97152e108","chiefName":""},"img":["cloud://env-6gaor7vufd9b0012.656e-env-6gaor7vufd9b0012-1311667392/cloudbase-cms/upload/2022-06-15/jkoa0qdei4ib94jcuwqmutdvd32u35ag_.jpg"],"_createTime":1655490878403,"name":"小时","status":0,"totalPrice":7,"chiefName":"八戒","_updateTime":1655501745583},{"_id":"6d85a2b962acc9400b3118d67996872a","status":0,"_openid":"oo2jc5D6AXKVs7IS2m3kBNgJ2eMs","good":{"_id":"8f75309d62aa111e08b5cf882210fbc7","chiefName":"","img":["cloud://env-6gaor7vufd9b0012.656e-env-6gaor7vufd9b0012-1311667392/cloudbase-cms/upload/2022-06-16/1m1ft0hjrnh9ruv19iiu9eebxw3vf2br_.jpg"],"name":"辣椒","price":18,"quantity":1},"img":["cloud://env-6gaor7vufd9b0012.656e-env-6gaor7vufd9b0012-1311667392/cloudbase-cms/upload/2022-06-16/1m1ft0hjrnh9ruv19iiu9eebxw3vf2br_.jpg"],"name":"小时","totalPrice":18,"_createTime":1655490878405,"address":"湖南省长沙市岳麓区湖南工商大学萃雅二406","chiefId":"ca780ad562a9eed7075d37cf46ac8b66","chiefName":"八戒"},{"_id":"8f75309d62acc94009078ad76fc10438","_createTime":1655490878405,"totalPrice":8,"chiefId":"ca780ad562a9eed7075d37cf46ac8b66","chiefName":"八戒","good":{"chiefName":"","img":["cloud://env-6gaor7vufd9b0012.656e-env-6gaor7vufd9b0012-1311667392/cloudbase-cms/upload/2022-06-16/m6gm9k9bxp30lgt5zouptzxbzzu959en_.jpg"],"name":"梨","price":8,"quantity":1,"_id":"0a4ec1f962aa0f7f0ab9ec0e77973697"},"img":["cloud://env-6gaor7vufd9b0012.656e-env-6gaor7vufd9b0012-1311667392/cloudbase-cms/upload/2022-06-16/m6gm9k9bxp30lgt5zouptzxbzzu959en_.jpg"],"name":"小时","status":0,"_openid":"oo2jc5D6AXKVs7IS2m3kBNgJ2eMs","address":"湖南省长沙市岳麓区湖南工商大学萃雅二406"},{"_id":"8f75309d62acc94009078ad808ac83e5","good":{"quantity":1,"_id":"6d85a2b962aa10dd0acc2dd0795a83c8","chiefName":"","img":["cloud://env-6gaor7vufd9b0012.656e-env-6gaor7vufd9b0012-1311667392/cloudbase-cms/upload/2022-06-16/y7im7kjvey4nszpnczafbx7xekjdis2b_.jpg"],"name":"白菜","price":4},"name":"小时","totalPrice":4,"_createTime":1655490878404,"_openid":"oo2jc5D6AXKVs7IS2m3kBNgJ2eMs","address":"湖南省长沙市岳麓区湖南工商大学萃雅二406","chiefId":"ca780ad562a9eed7075d37cf46ac8b66","chiefName":"八戒","img":["cloud://env-6gaor7vufd9b0012.656e-env-6gaor7vufd9b0012-1311667392/cloudbase-cms/upload/2022-06-16/y7im7kjvey4nszpnczafbx7xekjdis2b_.jpg"],"status":0},{"_id":"f6e08a6462acc9400872cd1929178868","chiefId":"ca780ad562a9eed7075d37cf46ac8b66","good":{"_id":"8f75309d62aa107d08b5c4aa5ef16c39","chiefName":"","img":["cloud://env-6gaor7vufd9b0012.656e-env-6gaor7vufd9b0012-1311667392/cloudbase-cms/upload/2022-06-16/tck3pi67m09j9yp3en4rtbuxxx6oe58h_.jpg"],"name":"胡萝卜","price":6,"quantity":2},"status":0,"totalPrice":12,"_openid":"oo2jc5D6AXKVs7IS2m3kBNgJ2eMs","address":"湖南省长沙市岳麓区湖南工商大学萃雅二406","img":["cloud://env-6gaor7vufd9b0012.656e-env-6gaor7vufd9b0012-1311667392/cloudbase-cms/upload/2022-06-16/tck3pi67m09j9yp3en4rtbuxxx6oe58h_.jpg"],"name":"小时","_createTime":1655490878406,"chiefName":"八戒"},{"_id":"6d85a2b962acc9400b3118d732929147","_createTime":1655490878406,"chiefId":"ca780ad562a9eed7075d37cf46ac8b66","name":"小时","status":0,"_openid":"oo2jc5D6AXKVs7IS2m3kBNgJ2eMs","address":"湖南省长沙市岳麓区湖南工商大学萃雅二406","chiefName":"八戒","good":{"name":"南瓜","price":100,"quantity":2,"_id":"058dfefe62aa115708f14c2e225e99df","chiefName":"","img":["cloud://env-6gaor7vufd9b0012.656e-env-6gaor7vufd9b0012-1311667392/cloudbase-cms/upload/2022-06-16/o93d01p0ntftf80ku650juc7h8t1netq_.jpg"]},"img":["cloud://env-6gaor7vufd9b0012.656e-env-6gaor7vufd9b0012-1311667392/cloudbase-cms/upload/2022-06-16/o93d01p0ntftf80ku650juc7h8t1netq_.jpg"],"totalPrice":200},{"_id":"6d85a2b962acc95f0b311a685fc871f9","address":"湖南省长沙市岳麓区湖南工商大学萃雅二406","chiefName":"八戒","name":"小时","status":0,"_createTime":1655490910139,"_openid":"oo2jc5D6AXKVs7IS2m3kBNgJ2eMs","img":["cloud://env-6gaor7vufd9b0012.656e-env-6gaor7vufd9b0012-1311667392/cloudbase-cms/upload/2022-06-16/qui8pz2kn8s1dpy14ikcq11ybrjlwjqd_.jpg"],"totalPrice":20,"chiefId":"ca780ad562a9eed7075d37cf46ac8b66","good":{"_id":"058dfefe62aa119c08f14eaa4489ac43","chiefName":"","img":["cloud://env-6gaor7vufd9b0012.656e-env-6gaor7vufd9b0012-1311667392/cloudbase-cms/upload/2022-06-16/qui8pz2kn8s1dpy14ikcq11ybrjlwjqd_.jpg"],"name":"西红柿","price":10,"quantity":2}},{"_id":"16db756f62acca7c0779c8775b2c5a9c","_createTime":1655491194567,"address":"湖南省长沙市岳麓区湖南工商大学萃雅二406","name":"小时","status":0,"totalPrice":200,"_openid":"oo2jc5D6AXKVs7IS2m3kBNgJ2eMs","chiefId":"ca780ad562a9eed7075d37cf46ac8b66","chiefName":"八戒","good":{"chiefName":"","img":["cloud://env-6gaor7vufd9b0012.656e-env-6gaor7vufd9b0012-1311667392/cloudbase-cms/upload/2022-06-16/o93d01p0ntftf80ku650juc7h8t1netq_.jpg"],"name":"南瓜","price":100,"quantity":2,"_id":"058dfefe62aa115708f14c2e225e99df"},"img":["cloud://env-6gaor7vufd9b0012.656e-env-6gaor7vufd9b0012-1311667392/cloudbase-cms/upload/2022-06-16/o93d01p0ntftf80ku650juc7h8t1netq_.jpg"]},{"_id":"ca780ad562accbcf07a2cacf1bc0b7b1","_openid":"oo2jc5D6AXKVs7IS2m3kBNgJ2eMs","address":"湖南省长沙市岳麓区湖南工商大学萃雅二406","chiefId":"ca780ad562a9eed7075d37cf46ac8b66","good":{"name":"辣椒","price":18,"quantity":1,"_id":"8f75309d62aa111e08b5cf882210fbc7","img":["cloud://env-6gaor7vufd9b0012.656e-env-6gaor7vufd9b0012-1311667392/cloudbase-cms/upload/2022-06-16/1m1ft0hjrnh9ruv19iiu9eebxw3vf2br_.jpg"]},"status":0,"totalPrice":18,"_createTime":1655491533827,"chiefName":"八戒","img":["cloud://env-6gaor7vufd9b0012.656e-env-6gaor7vufd9b0012-1311667392/cloudbase-cms/upload/2022-06-16/1m1ft0hjrnh9ruv19iiu9eebxw3vf2br_.jpg"],"name":"小时"},{"_id":"6d85a2b962acfb230b33fd001bfb486e","_createTime":1655503649545,"good":{"_id":"0a4ec1f962aa0f7f0ab9ec0e77973697","chiefName":"","img":["cloud://env-6gaor7vufd9b0012.656e-env-6gaor7vufd9b0012-1311667392/cloudbase-cms/upload/2022-06-16/m6gm9k9bxp30lgt5zouptzxbzzu959en_.jpg"],"name":"梨","price":8,"quantity":1},"img":["cloud://env-6gaor7vufd9b0012.656e-env-6gaor7vufd9b0012-1311667392/cloudbase-cms/upload/2022-06-16/m6gm9k9bxp30lgt5zouptzxbzzu959en_.jpg"],"name":"小时","totalPrice":8,"_openid":"oo2jc5D6AXKVs7IS2m3kBNgJ2eMs","address":"湖南省长沙市岳麓区湖南工商大学萃雅二406","chiefId":"ca780ad562a9eed7075d37cf46ac8b66","chiefName":"八戒","status":0},{"_id":"f6e08a6462acfb230874e7f003a96884","chiefName":"八戒","good":{"price":6,"quantity":1,"_id":"8f75309d62aa107d08b5c4aa5ef16c39","chiefName":"","img":["cloud://env-6gaor7vufd9b0012.656e-env-6gaor7vufd9b0012-1311667392/cloudbase-cms/upload/2022-06-16/tck3pi67m09j9yp3en4rtbuxxx6oe58h_.jpg"],"name":"胡萝卜"},"totalPrice":6,"_createTime":1655503649547,"_openid":"oo2jc5D6AXKVs7IS2m3kBNgJ2eMs","chiefId":"ca780ad562a9eed7075d37cf46ac8b66","status":0,"address":"湖南省长沙市岳麓区湖南工商大学萃雅二406","img":["cloud://env-6gaor7vufd9b0012.656e-env-6gaor7vufd9b0012-1311667392/cloudbase-cms/upload/2022-06-16/tck3pi67m09j9yp3en4rtbuxxx6oe58h_.jpg"],"name":"小时"},{"_id":"0a4ec1f962ad81d30b33b67241941040","chiefId":"ca780ad562a9eed7075d37cf46ac8b66","chiefName":"八戒","good":{"price":4,"quantity":1,"_id":"6d85a2b962aa10dd0acc2dd0795a83c8","chiefName":"","img":["cloud://env-6gaor7vufd9b0012.656e-env-6gaor7vufd9b0012-1311667392/cloudbase-cms/upload/2022-06-16/y7im7kjvey4nszpnczafbx7xekjdis2b_.jpg"],"name":"白菜"},"status":0,"totalPrice":4,"_createTime":1655538130914,"_openid":"oo2jc5D6AXKVs7IS2m3kBNgJ2eMs","address":"湖南省长沙市岳麓区湖南工商大学萃雅二406","img":["cloud://env-6gaor7vufd9b0012.656e-env-6gaor7vufd9b0012-1311667392/cloudbase-cms/upload/2022-06-16/y7im7kjvey4nszpnczafbx7xekjdis2b_.jpg"],"name":"小时"},{"_id":"ca780ad562ad81d407b0c64438ddddbb","_createTime":1655538130911,"img":["cloud://env-6gaor7vufd9b0012.656e-env-6gaor7vufd9b0012-1311667392/cloudbase-cms/upload/2022-06-15/jkoa0qdei4ib94jcuwqmutdvd32u35ag_.jpg"],"name":"小时","status":0,"totalPrice":14,"_openid":"oo2jc5D6AXKVs7IS2m3kBNgJ2eMs","address":"湖南省长沙市岳麓区湖南工商大学萃雅二406","chiefId":"ca780ad562a9eed7075d37cf46ac8b66","chiefName":"八戒","good":{"_id":"17453ede6068720e00843fa97152e108","chiefName":"","img":["cloud://env-6gaor7vufd9b0012.656e-env-6gaor7vufd9b0012-1311667392/cloudbase-cms/upload/2022-06-15/jkoa0qdei4ib94jcuwqmutdvd32u35ag_.jpg"],"name":"苹果","price":7,"quantity":2}},{"_id":"f6e08a6462b269c609093363135d5c37","chiefId":"ca780ad562a9eed7075d37cf46ac8b66","chiefName":"八戒","name":"小时","status":0,"totalPrice":6,"_createTime":1655859653853,"_openid":"oo2jc5D6AXKVs7IS2m3kBNgJ2eMs","address":"湖南省长沙市岳麓区湖南工商大学萃雅二406","good":{"name":"胡萝卜","price":6,"quantity":1,"_id":"8f75309d62aa107d08b5c4aa5ef16c39","chiefName":"","img":["cloud://env-6gaor7vufd9b0012.656e-env-6gaor7vufd9b0012-1311667392/cloudbase-cms/upload/2022-06-16/tck3pi67m09j9yp3en4rtbuxxx6oe58h_.jpg"]},"img":["cloud://env-6gaor7vufd9b0012.656e-env-6gaor7vufd9b0012-1311667392/cloudbase-cms/upload/2022-06-16/tck3pi67m09j9yp3en4rtbuxxx6oe58h_.jpg"]},{"_id":"f6e08a6462b269c6090933654554ec84","good":{"_id":"0a4ec1f962aa0f7f0ab9ec0e77973697","chiefName":"","img":["cloud://env-6gaor7vufd9b0012.656e-env-6gaor7vufd9b0012-1311667392/cloudbase-cms/upload/2022-06-16/m6gm9k9bxp30lgt5zouptzxbzzu959en_.jpg"],"name":"梨","price":8,"quantity":1},"name":"小时","totalPrice":8,"address":"湖南省长沙市岳麓区湖南工商大学萃雅二406","_openid":"oo2jc5D6AXKVs7IS2m3kBNgJ2eMs","chiefId":"ca780ad562a9eed7075d37cf46ac8b66","chiefName":"八戒","img":["cloud://env-6gaor7vufd9b0012.656e-env-6gaor7vufd9b0012-1311667392/cloudbase-cms/upload/2022-06-16/m6gm9k9bxp30lgt5zouptzxbzzu959en_.jpg"],"status":0,"_createTime":1655859653849},{"_id":"058dfefe62b269c609ebd8be76e4a2c6","img":["cloud://env-6gaor7vufd9b0012.656e-env-6gaor7vufd9b0012-1311667392/cloudbase-cms/upload/2022-06-16/y7im7kjvey4nszpnczafbx7xekjdis2b_.jpg"],"address":"湖南省长沙市岳麓区湖南工商大学萃雅二406","chiefId":"ca780ad562a9eed7075d37cf46ac8b66","good":{"_id":"6d85a2b962aa10dd0acc2dd0795a83c8","chiefName":"","img":["cloud://env-6gaor7vufd9b0012.656e-env-6gaor7vufd9b0012-1311667392/cloudbase-cms/upload/2022-06-16/y7im7kjvey4nszpnczafbx7xekjdis2b_.jpg"],"name":"白菜","price":4,"quantity":1},"name":"小时","status":0,"totalPrice":4,"_createTime":1655859653859,"_openid":"oo2jc5D6AXKVs7IS2m3kBNgJ2eMs","chiefName":"八戒"},{"_id":"0a4ec1f962b27c890bea455c3c9d3d2c","totalPrice":21,"address":"湖南省长沙市岳麓区湖南工商大学萃雅二406","chiefId":"ca780ad562a9eed7075d37cf46ac8b66","chiefName":"八戒","good":{"_id":"17453ede6068720e00843fa97152e108","chiefName":"","img":["cloud://env-6gaor7vufd9b0012.656e-env-6gaor7vufd9b0012-1311667392/cloudbase-cms/upload/2022-06-15/jkoa0qdei4ib94jcuwqmutdvd32u35ag_.jpg"],"name":"苹果","price":7,"quantity":3},"status":0,"_createTime":1655864457478,"_openid":"oo2jc5D6AXKVs7IS2m3kBNgJ2eMs","img":["cloud://env-6gaor7vufd9b0012.656e-env-6gaor7vufd9b0012-1311667392/cloudbase-cms/upload/2022-06-15/jkoa0qdei4ib94jcuwqmutdvd32u35ag_.jpg"],"name":"小时"},{"_id":"058dfefe62b27c8909ef4d07199620e6","name":"小时","totalPrice":6,"_createTime":1655864457473,"_openid":"oo2jc5D6AXKVs7IS2m3kBNgJ2eMs","chiefId":"ca780ad562a9eed7075d37cf46ac8b66","good":{"_id":"79550af2606871bd0d45855b106f04c2","chiefName":"","img":["cloud://env-6gaor7vufd9b0012.656e-env-6gaor7vufd9b0012-1311667392/cloudbase-cms/upload/2022-06-15/4riiwvt2v8nnzhfdulnm4t6wzlw4ii65_.jpg"],"name":"橙子","price":2,"quantity":3},"img":["cloud://env-6gaor7vufd9b0012.656e-env-6gaor7vufd9b0012-1311667392/cloudbase-cms/upload/2022-06-15/4riiwvt2v8nnzhfdulnm4t6wzlw4ii65_.jpg"],"address":"湖南省长沙市岳麓区湖南工商大学萃雅二406","chiefName":"八戒","status":2},{"_id":"6842667962b27cc606915c47124cfc5f","totalPrice":2,"_createTime":1655864518673,"address":"湖南省长沙市岳麓区湖南工商大学萃雅二406","chiefId":"ca780ad562a9eed7075d37cf46ac8b66","chiefName":"八戒","img":["cloud://env-6gaor7vufd9b0012.656e-env-6gaor7vufd9b0012-1311667392/cloudbase-cms/upload/2022-06-15/4riiwvt2v8nnzhfdulnm4t6wzlw4ii65_.jpg"],"status":0,"_openid":"oo2jc5D6AXKVs7IS2m3kBNgJ2eMs","good":{"chiefName":"","img":["cloud://env-6gaor7vufd9b0012.656e-env-6gaor7vufd9b0012-1311667392/cloudbase-cms/upload/2022-06-15/4riiwvt2v8nnzhfdulnm4t6wzlw4ii65_.jpg"],"name":"橙子","price":2,"quantity":1,"_id":"79550af2606871bd0d45855b106f04c2"},"name":"小时"},{"_id":"6d85a2b962b27d200bfecb9c69ad885a","img":["cloud://env-6gaor7vufd9b0012.656e-env-6gaor7vufd9b0012-1311667392/cloudbase-cms/upload/2022-06-15/4riiwvt2v8nnzhfdulnm4t6wzlw4ii65_.jpg"],"name":"小时","status":0,"chiefId":"ca780ad562a9eed7075d37cf46ac8b66","good":{"chiefName":"","img":["cloud://env-6gaor7vufd9b0012.656e-env-6gaor7vufd9b0012-1311667392/cloudbase-cms/upload/2022-06-15/4riiwvt2v8nnzhfdulnm4t6wzlw4ii65_.jpg"],"name":"橙子","price":2,"quantity":2,"_id":"79550af2606871bd0d45855b106f04c2"},"address":"湖南省长沙市岳麓区湖南工商大学萃雅二406","chiefName":"八戒","totalPrice":4,"_createTime":1655864608581,"_openid":"oo2jc5D6AXKVs7IS2m3kBNgJ2eMs"},{"_id":"16db756f62b27fb108025a9e4c98496c","_openid":"oo2jc5D6AXKVs7IS2m3kBNgJ2eMs","totalPrice":4,"name":"小时","status":2,"_createTime":1655865264761,"address":"湖南省长沙市岳麓区湖南工商大学萃雅二406","chiefId":"ca780ad562a9eed7075d37cf46ac8b66","chiefName":"八戒","good":{"chiefName":"","img":["cloud://env-6gaor7vufd9b0012.656e-env-6gaor7vufd9b0012-1311667392/cloudbase-cms/upload/2022-06-15/4riiwvt2v8nnzhfdulnm4t6wzlw4ii65_.jpg"],"name":"橙子","price":2,"quantity":2,"_id":"79550af2606871bd0d45855b106f04c2"},"img":["cloud://env-6gaor7vufd9b0012.656e-env-6gaor7vufd9b0012-1311667392/cloudbase-cms/upload/2022-06-15/4riiwvt2v8nnzhfdulnm4t6wzlw4ii65_.jpg"]},{"_id":"16db756f62b29fde0806b0416d3d291d","chiefXiaoqu":"湖南省长沙市岳麓区咸嘉","good":{"_id":"79550af2606871bd0d45855b106f04c2","chiefId":"0a4ec1f962a9ef030ab6ba7610f67041","name":"橙子","price":2,"quantity":1},"name":"张三","status":0,"totalPrice":2,"_createTime":1655873502291,"_openid":"oo2jc5D6AXKVs7IS2m3kBNgJ2eMs","address":"广东省广州市海珠区新港中路397号","beizhu":"","chiefId":"0a4ec1f962a9ef030ab6ba7610f67041","chiefName":"悟空","phone":"020-81167888"},{"_id":"0a4ec1f962b29fde0bf10623567aa9cc","_openid":"oo2jc5D6AXKVs7IS2m3kBNgJ2eMs","address":"广东省广州市海珠区新港中路397号","chiefId":"0a4ec1f962a9ef030ab6ba7610f67041","phone":"020-81167888","name":"张三","status":0,"totalPrice":8,"_createTime":1655873502300,"beizhu":"","chiefName":"悟空","chiefXiaoqu":"湖南省长沙市岳麓区咸嘉","good":{"price":8,"quantity":1,"_id":"0a4ec1f962aa0f7f0ab9ec0e77973697","chiefId":"0a4ec1f962a9ef030ab6ba7610f67041","name":"梨"}},{"_id":"b69f67c062b29ff30824cb501f203477","address":"广东省广州市海珠区新港中路397号","beizhu":"","chiefId":"0a4ec1f962a9ef030ab6ba7610f67041","chiefXiaoqu":"湖南省长沙市岳麓区咸嘉","name":"张三","phone":"020-81167888","status":0,"_openid":"oo2jc5D6AXKVs7IS2m3kBNgJ2eMs","chiefName":"悟空","good":{"_id":"0a4ec1f962aa0f7f0ab9ec0e77973697","chiefId":"0a4ec1f962a9ef030ab6ba7610f67041","name":"梨","price":8,"quantity":1},"totalPrice":8,"_createTime":1655873523579},{"_id":"ca780ad562b2bc0108304f812a086216","_createTime":1655880705705,"address":"湖南省益阳市湖南省益阳市和平小区134号","chiefId":"ca780ad562a9eed7075d37cf46ac8b66","img":["cloud://env-6gaor7vufd9b0012.656e-env-6gaor7vufd9b0012-1311667392/cloudbase-cms/upload/2022-06-15/4riiwvt2v8nnzhfdulnm4t6wzlw4ii65_.jpg"],"name":"小时","status":2,"_openid":"oo2jc5D6AXKVs7IS2m3kBNgJ2eMs","chiefName":"八戒","good":{"_id":"79550af2606871bd0d45855b106f04c2","chiefName":"","img":["cloud://env-6gaor7vufd9b0012.656e-env-6gaor7vufd9b0012-1311667392/cloudbase-cms/upload/2022-06-15/4riiwvt2v8nnzhfdulnm4t6wzlw4ii65_.jpg"],"name":"橙子","price":2,"quantity":11},"totalPrice":22}]