[{"fields":[{"dateFormatType":"timestamp-ms","description":"系统字段，请勿随意修改","displayName":"创建时间","id":"_createTime","isSystem":true,"name":"_createTime","type":"DateTime"},{"dateFormatType":"timestamp-ms","description":"系统字段，请勿随意修改","displayName":"修改时间","id":"_updateTime","isSystem":true,"name":"_updateTime","type":"DateTime"},{"displayName":"姓名","id":"7w57lb6xb86s5nigjxzomqfebce74ji9","name":"name","order":2,"type":"String"},{"displayName":"电话","id":"vaivz3oay157xcwwmd3optpr44c61q39","name":"phone","order":3,"type":"String"},{"displayName":"地址","id":"qqqv1rbhjanfzgewy31dryhxft40i11d","name":"community","order":5,"type":"String"},{"displayName":"身份证号","id":"iyaozbn4ya8m3d565j0u1avh81qtgq5d","name":"ID_card","order":8,"type":"String"},{"copyable":true,"description":"CMS 系统字段，请勿随意修改","displayName":"文档 ID","id":"_id","isHidden":true,"isSystem":true,"name":"_id","type":"String"},{"displayName":"头像","id":"zfawvrn1uzfx8c30kkr0g8r1k86opf26","name":"img","order":8,"resourceLinkType":"fileId","type":"Image"}],"collectionName":"tuanzhang","displayName":"团长","_id":"b00064a76050c3160a5693c25b9a3dab"},{"fields":[{"displayName":"团长名字","id":"bfv84zt7z17axe6q1fwtounissxnasz9","name":"chiefName","order":0,"type":"String"},{"displayName":"用户名","id":"m8q1vjsz2c959nbgo88y5fyb7fsk6gsk","name":"name","order":3,"type":"String"},{"defaultValue":"0","description":"-1已退款\n0新下单发货\n1已收货待评价\n2订单已完成","displayName":"订单状态","enumElementType":"number","enumElements":[{"label":"已退款","value":-1},{"label":"新下单待发货","value":0},{"label":"待收货","value":1},{"label":"订单已完成","value":2},{"label":"申请退款","value":-2}],"id":"f8sy1pq0eqkdx6umtvhhpj9s96k5h46z","name":"status","order":4,"type":"Enum"},{"displayName":"地址","id":"1cjixjfwmtd7eh00hm9hdks5r00o4v0o","name":"address","order":5,"type":"String"},{"displayName":"订单总价格","id":"vm2elywssee8ukabunv55xmb40xfm69k","name":"totalPrice","order":7,"type":"String"},{"displayName":"商品信息","id":"wc6d6rmq22od4bz6zfqiei2huekpwmus","name":"good","order":9,"type":"Object"},{"displayName":"团长id","id":"kpez59cwpgkjeede0mkt9cgnl02p33gq","name":"chiefId","order":10,"type":"String"},{"dateFormatType":"timestamp-ms","description":"系统字段，请勿随意修改","displayName":"创建时间","id":"_createTime","isOrderField":false,"isSystem":true,"name":"_createTime","orderDirection":"desc","type":"DateTime"},{"dateFormatType":"timestamp-ms","description":"系统字段，请勿随意修改","displayName":"修改时间","id":"_updateTime","isSystem":true,"name":"_updateTime","type":"DateTime"},{"displayName":"商品图片","id":"d4a6ct13pltj5phz7wcty2pbit6bpooo","name":"img","order":13,"resourceLinkType":"fileId","type":"Image"},{"copyable":true,"description":"CMS 系统字段，请勿随意修改","displayName":"文档 ID","id":"_id","isHidden":true,"isSystem":true,"name":"_id","type":"String"}],"collectionName":"orders","displayName":"订单","_id":"28ee4e3e6023cca1044f88c54cc7ca97"},{"fields":[{"displayName":"商品名","id":"zywuggbei0rbgouc9fmb2436autlnlyl","isRequired":true,"name":"name","order":1,"type":"String"},{"displayName":"商品价格","id":"jh3pruqvtmdblyy6n2epvni05btbhcbp","isRequired":true,"name":"price","order":2,"type":"Number"},{"defaultValue":"其他","displayName":"商品类型","id":"l9iaxb2r1cbs40ym4grm173p37zyo3so","isRequired":true,"name":"type","order":3,"type":"String"},{"displayName":"商品图片","id":"az83ab8fwyjtinwrofnvrtjlrrfp76ub","isMultiple":true,"name":"img","order":4,"resourceLinkType":"fileId","type":"Image"},{"defaultValue":0,"displayName":"商品数量","id":"5hscfgyt5eeez1dllapgq9m10x5gvxx4","name":"num","order":5,"type":"Number"},{"displayName":"上架下架","enumElementType":"string","enumElements":[{"label":"上架","value":"上架"},{"label":"下架","value":"下架"}],"id":"cc57xifgpfo7zh9mt3nez3nvtszn5f9y","name":"status","order":6,"type":"Enum"},{"dateFormatType":"timestamp-ms","description":"系统字段，请勿随意修改","displayName":"创建时间","id":"_createTime","isSystem":true,"name":"_createTime","type":"DateTime"},{"dateFormatType":"timestamp-ms","description":"系统字段，请勿随意修改","displayName":"修改时间","id":"_updateTime","isSystem":true,"name":"_updateTime","type":"DateTime"}],"collectionName":"goods","displayName":"商品表","_id":"28ee4e3e6031180e067ed75d3b344968"},{"fields":[{"dateFormatType":"timestamp-ms","description":"CMS 系统字段，请勿随意修改。通过 CMS 系统录入的数据会默认添加该字段","displayName":"创建时间","id":"_createTime","isSystem":true,"name":"_createTime","type":"DateTime"},{"dateFormatType":"timestamp-ms","description":"CMS 系统字段，请勿随意修改。通过 CMS 系统录入的数据会默认添加该字段","displayName":"修改时间","id":"_updateTime","isSystem":true,"name":"_updateTime","type":"DateTime"},{"displayName":"姓名","id":"wr7k0rf628od017rwij1qr6njlgxr2a3","name":"name","order":2,"type":"String"},{"copyable":true,"description":"CMS 系统字段，请勿随意修改","displayName":"文档 ID","id":"_id","isHidden":true,"isSystem":true,"name":"_id","type":"String"},{"displayName":"手机号","id":"1h83r55j7cehzo4u17ey32i3p8r5fho4","name":"phoneNum","order":4,"type":"String"},{"displayName":"地址","id":"7jqh6dpale63m1uasgfyscgnif6zdsbu","name":"address","order":5,"type":"String"},{"displayName":"详细地址","id":"g4ncjsstiib9k4qe20iiu5ok37tn7v21","name":"address_detail","order":6,"type":"String"},{"displayName":"用户名","id":"0sros8186uyvtnaztex7kdj955h1xlrt","name":"mem_name","order":7,"type":"String"}],"collectionName":"members","displayName":"客户地址信息","_id":"ca780ad562aa17d40760129318367fa3"},{"fields":[{"dateFormatType":"timestamp-ms","description":"CMS 系统字段，请勿随意修改。通过 CMS 系统录入的数据会默认添加该字段","displayName":"创建时间","id":"_createTime","isSystem":true,"name":"_createTime","type":"DateTime"},{"dateFormatType":"timestamp-ms","description":"CMS 系统字段，请勿随意修改。通过 CMS 系统录入的数据会默认添加该字段","displayName":"修改时间","id":"_updateTime","isSystem":true,"name":"_updateTime","type":"DateTime"},{"copyable":true,"description":"CMS 系统字段，请勿随意修改","displayName":"文档 ID","id":"_id","isHidden":true,"isSystem":true,"name":"_id","type":"String"},{"displayName":"退款原因","id":"rcqg4djb7kc5mpdwntzu19zcju4yqpkg","name":"reason","order":3,"type":"MultiLineString"},{"displayName":"申请退款的图片","id":"5mx5npglkhkv3xgng3r7ygl3ge70pese","name":"img","order":4,"resourceLinkType":"fileId","type":"Image"},{"displayName":"客户名","id":"y1n38u31xzjh63wizrcjev9cn9udq02t","name":"user_name","order":5,"type":"String"},{"displayName":"订单号","id":"rkcbs8zm4zyu99yxs7eo4kq171gpjjqx","name":"order_id","order":6,"type":"String"},{"displayName":"商品图片","id":"e5tlioa0cc0qtc5yquibwn2scs6inz5d","name":"goods_img","order":7,"resourceLinkType":"fileId","type":"Image"},{"displayName":"退款金额","id":"hcoykksemy0lqmgktrylvkyrzv2dh8bi","name":"prices","order":8,"type":"Number"},{"displayName":"退款商品","id":"9dwok0cnjwqlbj6tinsco7sibgmfxr73","name":"goods_name","order":9,"type":"String"},{"displayName":"状态","enumElementType":"string","enumElements":[{"label":"未退款","value":"0"},{"label":"已退款","value":"1"}],"id":"naobsm47yws7dege1mdfo4vwweo4evvr","name":"status","order":10,"type":"Enum"},{"displayName":"退款店铺","id":"tiz8ovil3ff4l1iiv4nna84gxvfs51gw","name":"tz_name","order":11,"type":"String"},{"displayName":"退款数量","id":"8xxzzer2nexadlagv1m7nojjf8m03w1b","name":"quantity","order":12,"type":"Number"}],"collectionName":"tuikuan","displayName":"退款申请","_id":"f6e08a6462aa664e082dd5c1028a3c58"},{"fields":[{"dateFormatType":"timestamp-ms","description":"CMS 系统字段，请勿随意修改。通过 CMS 系统录入的数据会默认添加该字段","displayName":"创建时间","id":"_createTime","isSystem":true,"name":"_createTime","type":"DateTime"},{"dateFormatType":"timestamp-ms","description":"CMS 系统字段，请勿随意修改。通过 CMS 系统录入的数据会默认添加该字段","displayName":"修改时间","id":"_updateTime","isSystem":true,"name":"_updateTime","type":"DateTime"},{"connectField":"name","connectResource":"b00064a76050c3160a5693c25b9a3dab","displayName":"团长","id":"gfn0s87x54c6uojhep5nimrlzrukc5zu","name":"tz_name","order":2,"type":"Connect"},{"copyable":true,"description":"CMS 系统字段，请勿随意修改","displayName":"文档 ID","id":"_id","isHidden":true,"isSystem":true,"name":"_id","type":"String"},{"connectField":"name","connectResource":"28ee4e3e6031180e067ed75d3b344968","displayName":"商品名","id":"rdp6zbbkqsjnruznvqbg6ak6n8c3y5aj","name":"goods_name","order":4,"type":"Connect"}],"collectionName":"relation","displayName":"关系表","_id":"0ab5303b62ae0ed90a040b4b086b4c7c"},{"fields":[{"dateFormatType":"timestamp-ms","description":"CMS 系统字段，请勿随意修改。通过 CMS 系统录入的数据会默认添加该字段","displayName":"创建时间","id":"_createTime","isSystem":true,"name":"_createTime","type":"DateTime"},{"dateFormatType":"timestamp-ms","description":"CMS 系统字段，请勿随意修改。通过 CMS 系统录入的数据会默认添加该字段","displayName":"修改时间","id":"_updateTime","isSystem":true,"name":"_updateTime","type":"DateTime"},{"displayName":"Openid","id":"6v2mycztqi65gqvvybs8g715ko6z4xtz","name":"openid","order":2,"type":"String"},{"copyable":true,"description":"CMS 系统字段，请勿随意修改","displayName":"文档 ID","id":"_id","isHidden":true,"isSystem":true,"name":"_id","type":"String"},{"displayName":"用户名","id":"7eoji3ruxqtirq46ve1fjp130cv4ibvj","name":"user_name","order":4,"type":"String"},{"displayName":"头像","id":"doncqqmodntftdp71efavrxldt7jtdrl","name":"img","order":5,"resourceLinkType":"fileId","type":"Image"}],"collectionName":"users","displayName":"用户表","_id":"0ab5303b62b320260aae13f37a5266ce"}]